face_match_confidence,liveness_score,tamper_risk_score,doc_auth_score,identity_consistency,fraud_pattern_risk,is_verified
78,44,75,77,76,26,0
91,78,25,52,69,23,1
68,97,18,62,90,66,0
54,41,59,99,70,62,0
82,88,70,93,49,47,1
47,66,46,61,54,62,0
60,90,70,55,81,11,0
78,72,25,67,98,27,1
97,99,39,87,87,43,1
58,68,4,74,83,42,0
62,85,20,99,57,16,1
50,92,77,84,62,39,0
50,75,3,85,72,48,1
63,40,22,47,55,56,0
92,91,14,83,93,63,1
75,54,7,94,77,56,1
79,81,40,94,74,69,1
63,33,18,61,73,42,0
42,88,45,60,67,22,0
61,49,27,65,41,26,0
92,92,67,79,69,57,1
41,83,14,60,52,36,0
63,86,36,64,80,5,0
83,70,0,80,55,64,1
69,32,66,40,98,5,0
77,35,23,45,44,49,0
41,34,26,62,94,21,0
99,34,39,90,67,24,0
60,83,62,62,92,50,0
72,76,60,82,78,47,1
51,78,35,82,84,69,0
97,38,23,62,59,64,0
61,49,23,71,63,59,0
83,90,3,69,66,45,1
64,64,66,52,69,35,0
88,79,33,82,97,57,1
66,91,56,57,84,37,0
98,46,48,62,66,10,0
81,32,52,54,65,11,0
67,61,22,72,46,41,0
99,42,68,60,81,38,0
55,97,52,96,86,10,1
54,43,61,78,92,35,0
86,40,40,62,98,51,0
90,85,56,66,77,30,0
83,96,59,84,44,32,1
94,58,53,83,62,12,0
91,38,69,57,67,17,0
96,96,56,63,73,40,0
42,54,9,90,92,57,0
76,71,39,86,54,55,1
90,38,6,79,71,23,1
46,69,37,90,65,30,0
60,54,60,81,87,54,0
48,34,2,46,70,9,0
78,40,50,89,58,59,0
57,88,46,87,48,1,0
43,67,67,59,68,14,0
64,34,75,66,93,2,0
99,77,37,45,97,42,0
53,47,35,66,90,30,0
89,99,40,48,78,69,0
97,66,68,92,43,66,1
48,89,12,84,42,55,1
65,77,57,96,95,62,0
92,57,49,70,68,14,0
41,98,29,60,91,9,1
59,69,61,65,50,37,0
67,74,24,79,72,46,1
86,91,26,87,77,56,1
99,87,50,84,97,49,1
46,96,77,52,50,14,0
83,85,56,88,66,17,1
47,69,46,62,72,1,0
86,69,38,59,60,42,0
74,62,15,76,78,25,1
53,35,21,93,70,37,0
56,48,53,92,77,41,0
75,69,20,67,85,4,1
89,88,71,56,41,10,0
79,88,15,67,66,64,1
43,77,58,80,75,33,0
41,70,30,41,50,0,0
45,42,41,64,86,1,0
93,74,73,97,57,19,1
81,82,31,89,98,60,1
43,71,58,80,40,20,0
93,92,33,45,74,67,0
68,56,8,50,74,11,0
57,67,10,96,70,21,1
65,89,9,77,67,19,1
83,36,16,45,78,0,1
73,34,67,84,40,29,0
49,74,47,50,64,23,0
75,87,51,53,82,13,1
53,60,24,41,77,35,0
70,52,20,79,59,68,0
87,71,64,42,42,23,0
54,39,62,94,90,59,0
47,61,50,92,41,54,0
53,82,35,74,57,23,0
62,59,65,72,83,23,0
99,68,14,63,49,53,1
96,60,38,58,44,25,0
79,31,69,57,48,65,0
60,41,0,88,41,37,0
55,68,22,91,73,64,1
84,95,38,63,99,50,0
57,42,56,84,77,34,0
86,75,33,74,70,42,0
92,56,40,40,49,28,0
63,46,72,75,89,36,0
65,89,12,64,51,57,0
64,93,69,84,75,53,0
99,64,5,88,93,38,1
99,99,51,99,60,41,1
99,59,2,82,88,27,1
84,92,62,73,86,28,0
80,57,48,64,45,42,0
68,89,75,55,87,2,0
54,66,46,73,88,9,0
84,51,54,68,42,58,0
40,97,63,58,49,13,0
64,49,64,62,44,46,0
46,97,66,58,85,41,0
48,93,14,64,65,31,0
63,46,31,55,60,31,0
40,41,67,93,84,41,0
83,51,17,90,65,31,1
47,46,42,48,77,25,0
63,39,34,40,83,0,0
50,94,77,81,65,55,0
90,51,57,58,47,1,0
56,79,32,72,44,29,0
47,43,13,73,54,51,0
74,93,33,55,98,8,1
74,76,60,83,55,21,1
72,58,3,79,40,33,1
98,65,58,94,55,48,1
44,81,28,57,76,0,1
81,36,5,73,42,52,0
78,58,48,64,91,39,0
97,40,39,84,86,44,0
80,62,64,45,70,67,0
67,35,68,60,52,8,0
46,61,26,97,95,21,1
48,80,79,45,55,17,0
47,87,5,71,94,42,0
51,55,12,80,82,38,0
73,75,63,87,60,5,1
72,58,61,82,41,47,0
87,33,18,78,93,6,1
94,42,75,70,66,68,0
62,68,79,81,77,15,1
63,44,42,49,65,0,0
76,58,73,69,97,36,0
74,58,19,96,98,36,1
83,61,67,91,77,63,1
79,31,43,57,85,61,0
61,76,22,99,64,60,1
66,51,1,63,50,32,0
74,56,21,91,47,65,1
40,96,56,48,47,29,0
74,85,71,70,72,19,1
76,50,6,54,92,59,0
86,76,77,43,46,23,0
53,88,55,79,77,3,1
42,35,66,48,60,36,0
40,48,15,84,47,3,0
44,86,50,48,90,17,0
65,98,79,65,93,65,0
94,32,71,43,60,47,0
53,30,11,56,95,32,0
78,87,52,55,59,57,0
66,67,74,54,47,27,0
48,44,4,74,97,34,0
54,63,26,96,85,9,1
54,90,11,91,70,64,1
65,64,16,44,89,41,0
81,93,5,94,96,8,1
99,54,4,44,68,59,0
52,53,56,59,87,14,0
90,41,27,54,48,56,0
71,47,77,57,54,68,0
78,44,68,86,69,21,0
88,56,58,41,65,63,0
91,89,32,68,49,40,0
71,75,61,52,68,55,0
43,46,49,43,93,22,0
69,82,18,81,55,24,1
76,37,68,84,75,5,1
62,56,65,49,59,33,0
78,75,46,70,84,62,0
84,79,38,80,93,8,1
54,32,67,47,76,59,0
82,93,32,42,61,48,0
68,73,12,87,46,50,1
75,82,53,85,62,59,1
52,53,6,48,80,69,0
71,89,78,69,79,36,0
46,32,13,92,68,30,0
98,49,18,50,55,40,0
90,75,53,74,77,61,0
61,44,19,76,67,57,0
67,54,28,81,87,13,1
41,46,23,52,77,35,0
81,38,62,75,70,35,0
84,67,73,95,53,7,1
96,77,56,52,92,25,0
92,89,7,51,72,35,1
45,92,61,76,96,47,0
67,31,28,49,48,27,0
67,40,73,99,96,67,0
83,93,16,95,66,61,1
83,50,65,48,63,50,0
59,47,5,91,52,41,0
69,93,57,46,65,28,0
50,67,68,41,68,9,0
97,61,27,93,90,38,1
94,40,61,95,88,0,1
67,74,40,99,82,38,0
64,62,68,62,67,20,0
78,70,40,78,67,64,1
72,37,48,79,47,14,0
40,40,48,78,62,3,0
96,80,75,60,68,59,0
66,70,70,62,44,60,0
96,46,2,68,81,19,1
91,75,9,53,46,9,1
52,61,34,65,81,33,0
80,83,79,90,75,47,1
42,49,1,44,80,32,0
78,62,23,94,66,60,1
45,69,73,70,97,9,0
47,61,37,64,85,53,0
66,31,21,70,41,64,0
48,62,25,89,64,0,1
76,59,42,59,48,4,0
72,62,54,83,92,14,1
90,55,38,94,66,27,0
81,51,28,56,40,22,0
83,95,19,84,62,16,1
63,67,40,41,49,12,0
54,75,53,64,81,13,0
98,44,19,52,91,10,1
93,73,18,97,64,27,1
71,78,65,78,93,41,1
71,90,29,67,42,60,1
63,96,52,81,45,63,0
80,35,33,94,97,30,0
91,38,21,45,45,9,0
88,35,66,42,92,7,0
88,61,5,97,41,20,1
97,70,78,74,97,58,0
91,37,26,57,97,49,0
51,79,9,50,57,68,0
78,91,72,93,62,69,1
41,91,47,59,41,29,0
42,36,69,44,51,16,0
88,33,58,58,61,19,0
76,35,58,61,76,47,0
88,87,1,98,59,1,1
95,51,28,99,78,36,1
56,55,67,58,63,0,0
98,32,64,86,87,3,1
88,70,25,55,59,53,1
41,89,9,63,40,24,0
41,43,52,80,40,2,0
67,41,78,43,56,8,0
93,41,58,54,98,33,0
62,42,21,64,40,42,0
76,54,50,83,92,21,1
71,74,47,94,91,69,1
72,48,20,74,84,1,1
40,84,21,94,69,65,1
58,74,29,53,80,31,0
41,37,24,88,86,15,1
92,82,27,58,42,0,1
83,84,64,77,85,47,1
65,61,44,75,94,49,0
71,80,67,46,50,12,0
45,73,6,69,63,14,0
71,99,48,58,61,52,0
94,47,8,88,83,43,1
43,51,35,64,84,7,0
94,66,0,55,65,45,1
50,85,9,86,52,68,1
95,88,35,93,40,18,1
98,32,72,79,63,37,0
56,57,45,90,49,10,0
77,64,31,47,74,42,0
63,90,31,57,63,19,0
44,83,5,67,67,19,0
91,92,47,55,75,20,1
73,36,37,91,55,56,0
45,78,16,58,79,49,0
61,60,73,81,55,25,0
50,87,26,56,98,29,0
87,90,53,84,56,30,1
55,53,49,52,90,41,0
72,49,34,46,93,67,0
48,66,24,66,54,60,0
99,33,27,49,55,60,0
98,49,14,73,54,69,0
45,89,3,75,96,67,0
55,53,72,64,73,16,0
68,79,26,45,50,18,0
42,78,25,63,40,50,0
59,80,18,57,54,69,0
99,65,16,62,65,62,1
98,95,42,45,90,29,0
75,63,40,68,43,24,0
58,65,41,64,82,25,0
65,35,49,94,44,55,0
42,68,39,56,74,21,0
58,71,38,85,52,18,0
59,87,22,63,49,30,0
71,41,51,50,50,25,0
46,32,46,65,57,41,0
91,47,62,90,73,40,0
80,69,68,73,78,22,1
72,50,42,67,80,46,0
79,44,47,42,81,12,0
78,55,33,50,89,65,0
57,37,39,77,62,65,0
79,71,74,53,46,15,0
40,73,60,90,98,27,0
50,43,49,65,78,34,0
67,31,66,87,42,40,0
96,66,61,60,51,30,0
64,98,57,93,46,31,0
89,67,32,95,88,53,1
62,70,74,78,65,58,0
70,91,15,69,72,40,0
69,89,47,98,76,65,0
81,43,9,47,87,53,0
74,31,37,90,54,39,0
46,99,18,59,41,27,0
99,46,35,87,80,36,0
55,57,58,71,46,64,0
65,95,62,61,71,54,0
87,64,76,98,43,3,1
96,34,45,46,59,9,0
91,94,2,48,89,46,1
99,69,73,84,92,13,1
88,85,64,40,75,37,0
41,65,7,68,71,11,1
40,74,50,47,67,44,0
87,52,72,95,52,16,0
51,76,5,93,40,34,1
44,60,38,43,99,65,0
76,40,59,74,95,40,0
71,39,27,98,74,66,1
98,96,53,42,87,28,0
94,43,36,93,69,17,0
48,39,8,84,93,19,1
80,30,55,79,75,13,1
74,34,58,46,96,33,0
58,49,1,66,94,48,0
87,37,60,40,64,53,0
55,72,57,66,55,30,0
42,30,59,55,97,57,0
59,86,39,77,58,41,0
63,93,35,46,40,57,0
93,57,36,83,44,29,0
95,66,78,62,90,24,1
72,76,17,80,61,62,1
63,66,62,98,63,18,0
91,78,21,50,82,7,1
50,73,10,81,84,2,1
88,85,57,92,91,66,1
47,57,56,72,76,16,0
75,35,76,89,92,13,1
77,90,3,75,75,8,1
79,49,6,76,75,61,1
59,31,60,80,43,20,0
74,66,53,98,75,36,1
87,49,67,56,91,10,0
64,55,78,74,92,19,0
74,58,0,87,57,34,1
64,30,54,44,89,52,0
68,64,2,87,55,46,1
57,99,77,71,80,51,0
85,88,37,42,57,7,0
57,98,0,91,61,3,1
41,62,37,86,41,26,0
93,80,28,74,60,43,1
74,41,4,91,75,39,1
55,49,73,53,83,46,0
80,82,20,87,78,43,1
75,72,70,70,86,47,0
72,79,66,70,78,51,0
43,58,46,56,68,67,0
72,86,34,99,93,10,1
53,68,67,63,65,3,0
60,85,68,91,60,47,0
87,72,0,62,56,25,1
59,79,67,57,55,38,0
95,52,11,89,99,57,1
47,73,59,93,70,18,0
46,67,26,53,90,57,0
42,52,55,89,48,27,0
56,74,22,54,70,65,0
72,81,24,54,53,9,1
87,79,20,45,88,57,1
51,37,60,66,76,13,0
98,30,62,54,41,14,0
90,37,51,89,91,32,0
61,58,24,75,87,16,0
94,34,54,94,85,23,1
61,76,45,47,53,29,0
85,63,31,54,98,61,0
69,94,54,42,72,12,0
77,84,4,86,74,61,1
77,72,35,52,97,46,0
84,59,48,80,78,15,1
90,46,57,73,97,65,0
93,55,38,63,86,42,0
47,37,79,79,90,7,0
66,76,60,71,59,2,0
66,75,8,71,41,11,0
73,97,5,69,90,15,1
60,62,34,91,80,58,0
69,30,38,88,58,48,0
72,48,21,52,98,62,0
67,60,40,40,76,61,0
86,43,4,73,57,48,0
72,82,41,54,55,50,0
44,77,75,83,43,32,0
99,98,79,53,51,29,0
87,91,66,96,68,58,1
58,95,29,68,46,14,0
43,93,56,73,53,22,0
74,99,72,57,94,44,0
88,92,28,93,51,61,1
56,62,36,46,74,14,0
83,70,12,68,44,45,1
67,77,31,94,56,63,0
69,42,45,70,97,45,0
68,60,22,64,81,55,0
85,97,44,77,71,43,1
92,33,16,53,49,28,0
45,48,65,47,82,61,0
74,99,5,66,56,51,1
99,42,17,93,44,53,1
80,52,21,41,84,56,0
76,30,32,56,81,65,0
63,83,29,76,48,21,1
68,44,31,53,88,19,0
88,94,41,64,72,32,0
85,44,77,95,75,24,1
92,50,9,69,75,45,0
70,48,35,68,57,56,0
74,89,33,59,48,4,0
99,62,72,60,96,54,0
72,78,27,92,68,60,1
91,64,10,61,89,7,1
60,73,77,74,53,15,0
71,40,38,76,64,47,0
62,95,46,55,54,60,0
72,75,18,89,45,14,1
42,38,14,97,95,64,0
57,32,27,88,81,21,1
64,55,23,82,68,2,0
81,77,71,56,54,53,0
70,95,8,55,68,13,0
93,99,46,97,43,35,1
97,57,32,94,57,66,0
42,55,61,41,89,9,0
79,54,18,43,96,48,0
85,41,66,60,88,64,0
63,34,73,78,83,56,0
89,77,39,73,78,26,0
71,66,46,69,55,4,0
86,73,64,45,50,56,0
61,44,28,56,53,14,0
62,72,49,78,42,29,0
41,77,12,64,90,19,1
66,99,0,44,89,36,0
81,75,33,44,81,2,1
41,72,47,59,77,40,0
65,50,76,55,84,38,0
56,52,47,90,81,25,0
79,76,48,80,57,1,1
72,44,63,76,97,22,1
48,54,60,79,59,22,0
82,65,28,48,97,15,1
93,80,38,44,87,8,1
87,44,25,81,64,12,1
78,97,16,96,96,27,1
68,50,70,41,77,26,0
81,42,12,48,52,50,0
94,48,68,82,43,63,0
65,63,25,75,94,51,0
74,97,48,61,53,37,0
89,81,66,61,72,64,0
64,56,6,61,67,17,0
63,58,57,73,91,62,0
52,57,48,94,76,50,0
99,64,52,68,47,8,0
97,37,64,77,83,12,1
46,45,61,98,73,39,0
96,65,16,85,83,54,1
75,59,42,72,44,42,0
84,47,24,57,93,43,0
59,31,2,46,44,67,0
40,78,78,40,70,32,0
47,33,28,72,84,23,0
85,36,31,40,48,35,0
55,68,25,63,81,9,1
53,42,15,43,71,19,0
51,60,24,43,72,11,0
90,92,53,57,42,61,0
62,85,27,66,69,17,0
54,71,72,82,89,62,0
67,90,55,98,51,24,0
73,71,64,71,68,11,0
41,85,79,72,42,20,0
71,65,40,67,65,24,0
62,97,50,81,96,10,1
61,36,70,80,69,63,0
90,83,77,94,48,49,1
64,30,28,75,65,61,0
97,73,18,99,41,48,1
61,74,65,45,42,13,0
97,76,40,55,85,0,1
97,42,44,73,43,24,0
61,51,14,62,64,58,0
88,50,2,89,90,68,1
91,38,10,81,52,4,1
81,55,52,63,78,18,0
45,38,45,95,83,22,0
54,44,29,88,74,8,1
93,39,56,52,94,49,0
82,71,17,95,62,15,1
99,53,50,57,48,32,0
76,78,47,93,41,1,1
72,55,65,52,93,13,0
47,66,7,88,80,0,1
92,97,21,76,83,57,1
99,79,5,82,70,15,1
83,53,75,78,83,46,0
83,48,56,81,86,43,0
44,89,35,56,41,13,0
78,68,78,54,71,23,1
43,47,56,57,57,54,0
45,48,48,62,52,14,0
84,65,44,93,85,33,1
71,84,65,90,44,1,1
91,98,76,69,97,26,0
69,76,44,97,81,22,1
86,78,78,73,83,67,0
74,62,19,97,49,13,1
94,50,63,43,95,62,0
79,51,66,42,82,64,0
91,77,2,46,64,67,1
55,66,53,95,73,62,0
52,44,77,57,76,63,0
89,64,63,81,69,31,1
99,61,39,46,46,12,0
81,40,58,79,45,65,0
69,39,54,45,93,18,0
58,86,61,61,94,23,0
56,54,3,97,42,10,0
95,31,59,40,52,58,0
58,93,74,43,42,14,0
67,64,29,85,65,9,1
97,36,1,88,96,40,1
94,47,61,91,63,26,0
65,96,48,89,92,59,0
76,71,8,82,45,51,1
65,68,30,68,82,27,0
92,70,60,60,99,64,0
62,53,78,65,97,16,0
48,89,47,53,88,43,0
51,75,24,48,81,9,1
92,48,35,98,51,62,0
40,97,7,86,88,46,1
97,71,72,51,75,37,0
97,61,57,81,41,69,1
40,68,44,90,50,52,0
86,65,61,95,78,43,1
73,65,38,90,73,53,1
71,32,57,45,65,19,0
93,37,63,59,57,30,0
87,99,43,63,60,6,0
64,70,28,66,75,57,0
79,97,58,77,79,9,1
84,42,70,47,91,9,0
92,78,8,40,85,38,1
40,89,5,93,83,27,1
55,31,28,88,61,29,0
78,89,57,88,92,36,1
44,34,16,63,98,66,0
61,73,15,86,69,42,1
68,56,2,46,89,51,0
94,61,20,58,82,55,1
42,50,63,61,99,67,0
51,37,35,96,69,8,0
65,79,61,94,47,22,0
55,96,41,99,73,62,0
90,73,75,74,96,60,0
76,87,41,69,86,39,0
61,32,60,68,48,43,0
96,99,12,61,90,23,1
68,31,10,50,59,50,0
53,73,53,59,79,57,0
67,31,15,68,64,32,0
44,64,7,90,58,15,1
86,59,58,80,44,21,0
88,37,56,81,50,56,0
69,51,39,73,54,61,0
85,73,58,40,47,69,0
91,87,1,70,58,29,1
44,65,75,69,62,22,0
51,98,9,87,66,31,1
55,60,43,57,79,56,0
65,76,10,94,71,8,1
65,84,78,97,65,30,0
87,91,79,56,66,8,0
60,59,1,77,58,12,0
78,84,49,53,89,57,0
75,45,11,62,81,2,1
72,41,22,64,68,34,0
69,46,17,54,78,20,0
76,45,61,85,99,63,0
62,41,61,95,80,51,0
97,37,37,61,72,33,0
49,32,66,42,58,34,0
93,45,37,95,76,14,1
44,59,66,94,58,5,0
75,52,60,58,72,31,0
73,34,0,96,86,51,1
91,94,44,83,55,27,1
70,59,27,73,62,63,0
49,50,20,74,46,18,0
97,99,12,89,65,14,1
58,51,26,40,71,5,0
97,61,6,91,51,37,1
71,62,21,60,47,25,1
40,45,73,68,44,50,0
95,67,52,45,81,52,0
44,43,78,76,67,55,0
84,65,78,40,92,58,0
43,52,3,90,44,69,0
55,95,22,40,88,57,0
63,31,69,66,65,12,0
55,94,75,60,44,42,0
94,96,32,92,61,50,1
41,81,27,55,54,18,0
88,91,7,83,52,20,1
67,52,0,98,67,23,0
71,55,36,93,72,25,0
66,97,62,79,82,44,0
59,84,21,65,62,27,0
63,35,69,55,72,28,0
51,64,20,67,82,16,1
89,51,34,40,57,67,0
74,72,78,75,89,43,0
99,44,4,49,92,60,0
72,89,59,82,69,67,1
72,41,45,56,65,24,0
90,78,49,96,55,66,1
82,71,47,98,52,1,1
76,67,5,62,78,48,1
51,74,55,46,72,69,0
42,64,58,83,65,25,0
40,59,28,92,87,26,0
72,59,70,46,40,17,0
79,35,76,83,88,53,0
49,96,17,54,77,0,1
82,36,1,73,41,60,0
83,81,7,85,88,2,1
68,43,74,84,45,67,0
52,44,53,43,85,40,0
51,50,37,53,89,36,0
70,64,47,53,77,50,0
85,95,26,55,81,14,1
41,31,19,46,63,7,0
90,64,11,71,57,37,1
89,49,42,58,66,55,0
74,39,60,41,80,46,0
62,54,30,49,47,9,0
56,95,60,89,67,48,0
65,54,73,56,49,40,0
47,83,66,76,56,29,0
68,62,34,51,94,4,0
65,65,14,45,68,30,0
49,43,15,61,97,51,0
65,94,12,71,45,22,0
73,83,34,80,53,47,1
90,81,74,59,61,39,0
80,32,58,40,93,5,0
46,70,20,93,45,37,1
43,35,53,86,65,40,0
97,54,74,92,78,26,0
92,42,29,97,51,68,1
89,37,47,45,74,56,0
84,50,34,58,53,16,0
50,97,37,57,61,46,0
68,54,30,45,90,12,0
95,97,77,84,62,10,1
75,74,23,72,87,23,1
64,89,48,62,46,3,0
60,41,31,62,79,45,0
96,61,54,65,89,17,1
75,42,78,52,64,42,0
49,60,57,46,52,32,0
76,49,2,54,60,9,0
48,47,79,83,80,58,0
63,89,68,66,49,30,0
74,92,9,65,92,27,1
88,35,24,72,94,59,0
74,61,67,54,98,2,1
87,72,60,75,48,54,0
75,31,28,84,54,13,1
57,89,18,94,91,57,1
88,52,42,66,41,14,0
78,60,65,96,64,1,0
71,34,73,44,52,23,0
63,63,60,41,73,63,0
62,39,42,94,90,23,0
71,31,24,97,97,26,1
76,40,19,72,73,36,0
51,79,47,55,74,38,0
88,60,23,62,77,62,0
94,85,10,77,42,25,1
52,38,54,94,81,64,0
62,50,27,55,95,3,0
64,57,68,53,98,28,0
74,91,62,68,45,0,0
80,36,58,65,94,49,0
69,45,4,74,87,10,0
56,33,50,54,88,58,0
88,33,20,42,58,61,0
59,69,11,62,42,35,0
87,46,49,68,57,55,0
64,81,3,73,78,20,1
61,81,41,72,48,12,0
52,65,37,80,91,8,1
98,67,24,80,51,10,1
58,79,13,62,44,69,0
88,92,74,46,42,0,0
75,92,31,42,50,69,0
51,91,10,97,96,55,1
80,36,60,71,69,30,0
58,56,17,70,43,36,0
51,43,26,57,44,46,0
48,34,54,82,40,46,0
46,84,53,46,66,68,0
67,31,74,80,67,57,0
53,91,20,40,68,35,0
70,50,43,53,57,31,0
91,50,4,91,51,63,1
58,39,40,71,52,41,0
97,87,58,45,80,47,0
86,68,53,78,41,29,1
55,34,73,49,76,20,0
92,94,21,46,84,59,1
44,42,64,65,55,12,0
74,82,63,73,87,0,1
51,74,70,69,63,64,0
64,61,3,75,74,32,0
91,65,64,60,61,37,0
98,89,14,99,75,24,1
60,40,75,56,50,25,0
75,92,21,72,94,58,1
92,50,46,49,97,32,0
62,81,45,90,85,40,0
55,84,13,86,68,29,1
96,55,49,81,74,56,0
78,97,19,90,87,48,1
84,63,49,51,93,47,0
92,81,32,95,54,48,1
81,81,58,55,99,46,0
97,58,42,80,70,55,0
78,67,78,71,81,64,0
53,71,11,54,80,11,1
70,50,39,66,82,68,0
97,71,19,67,55,5,1
44,42,37,56,49,64,0
74,93,2,85,88,24,1
62,46,27,98,71,0,1
68,38,55,89,90,31,0
82,70,12,97,41,2,1
50,30,76,41,63,48,0
57,31,65,75,62,18,0
86,89,36,89,41,59,1
51,77,48,46,77,28,0
48,58,65,52,70,49,0
49,39,35,54,90,1,0
97,87,53,64,79,55,0
83,89,25,62,65,16,1
56,50,74,99,68,59,0
77,57,71,61,42,35,0
46,63,39,65,97,60,0
85,37,42,72,53,16,0
52,88,21,50,64,48,0
79,78,19,49,87,59,1
81,46,7,64,40,19,0
48,89,28,76,92,49,1
89,74,39,87,42,2,1
66,98,29,82,93,42,1
97,61,54,92,65,56,1
41,73,15,77,57,49,1
44,94,45,80,48,67,0
68,37,61,84,77,49,0
76,72,6,63,62,36,1
77,30,79,79,60,45,0
58,80,44,85,96,41,0
47,53,58,95,40,14,0
87,53,55,72,60,32,0
84,46,47,56,66,10,0
40,34,26,63,81,19,0
61,49,52,76,98,23,0
91,50,72,96,45,63,0
56,87,34,41,94,64,0
46,60,50,71,83,16,0
64,40,36,96,75,60,0
84,81,56,99,67,14,1
43,44,7,63,84,50,0
75,36,78,48,56,26,0
45,57,19,43,98,60,0
99,80,52,56,79,57,0
70,87,11,56,97,30,0
58,34,48,92,91,11,0
83,34,16,89,42,45,1
93,37,63,87,51,30,0
78,93,41,69,78,31,0
66,39,28,79,51,31,0
49,67,18,97,41,52,1
65,37,10,50,95,60,0
58,54,49,60,85,45,0
78,95,70,60,61,6,0
42,79,57,57,62,3,0
84,96,33,94,69,51,1
52,78,19,68,44,30,0
89,65,49,63,48,35,0
67,97,9,49,60,53,0
97,70,31,84,50,53,1
59,91,51,56,44,16,0
67,39,14,57,74,29,0
47,50,2,81,66,21,0
80,65,36,87,88,42,1
78,41,39,59,41,26,0
40,31,71,76,63,36,0
42,42,39,84,70,45,0
52,82,55,57,72,34,0
67,61,22,56,78,3,1
96,45,10,48,69,25,0
99,61,63,53,85,18,1
88,61,7,88,76,44,1
64,40,55,68,90,25,0
95,39,59,70,67,21,0
72,44,9,43,99,57,0
77,46,38,57,70,62,0
92,69,27,98,50,27,1
45,47,48,59,62,64,0
97,84,35,95,96,43,1
83,54,12,95,41,42,1
84,88,35,86,79,36,1
71,51,25,82,80,65,1
84,59,3,83,66,16,1
86,73,63,48,74,39,0
60,61,37,52,41,37,0
55,80,21,54,78,60,0
93,75,1,66,76,8,1
60,50,30,54,60,60,0
50,61,10,67,97,15,1
99,68,45,76,44,1,1
76,41,61,94,91,42,0
75,76,68,58,84,41,0
74,47,63,65,60,56,0
58,50,9,91,68,66,0
59,42,39,65,59,29,0
96,50,23,64,77,12,1
57,37,43,65,59,18,0
86,75,59,65,89,6,1
80,36,61,85,64,8,0
88,52,16,67,41,53,0
53,51,64,88,96,60,0
54,51,56,57,71,1,0
70,58,54,71,65,49,0
40,42,52,92,45,30,0
92,31,55,42,80,32,0
93,58,8,41,96,10,1
93,81,21,72,42,32,1
42,56,12,81,72,6,1
55,79,47,58,40,30,0
62,52,17,56,90,47,0
96,73,75,83,44,46,1
50,51,39,72,52,52,0
51,72,16,51,58,18,0
49,66,14,88,51,5,1
71,90,14,95,87,48,1
55,85,78,42,64,49,0
47,32,62,82,96,11,0
77,92,38,88,90,22,1
51,48,12,94,74,53,0
63,52,31,65,51,68,0
67,58,8,74,69,58,0
92,59,39,47,44,35,0
47,68,19,91,73,2,1
97,54,76,75,61,57,0
67,37,79,92,78,54,0
75,87,72,93,52,56,1
65,45,62,46,96,16,0
47,30,75,85,86,38,0
97,34,43,85,93,67,0
99,32,37,75,42,54,0
89,94,59,55,99,44,0
67,33,70,63,92,0,0
67,93,47,93,59,20,0
76,39,17,40,70,20,0
80,50,15,88,44,51,1
75,75,54,64,63,42,0
66,56,38,49,79,51,0
93,95,67,93,93,66,1
56,70,58,55,72,43,0
48,42,61,55,47,31,0
72,38,12,97,63,9,1
92,65,5,47,89,63,1
59,87,76,68,59,68,0
52,83,59,78,99,67,0
67,41,13,67,55,27,0
87,43,53,45,89,52,0
68,63,3,55,91,50,0
52,82,38,59,51,52,0
85,49,71,55,52,3,0
74,45,24,46,84,16,1
45,99,76,80,81,66,0
57,85,31,53,78,46,0
90,87,58,82,64,55,1
44,33,62,65,85,22,0
86,33,37,65,71,17,0
64,49,52,53,63,0,0
41,39,66,46,87,34,0
49,53,27,72,86,63,0
95,55,2,65,83,57,0
69,66,79,96,48,58,0
89,83,21,84,79,0,1
98,50,37,59,89,2,0
84,67,71,42,62,66,0
44,75,71,91,89,36,0
94,33,61,43,52,28,0
95,89,56,65,99,32,0
72,86,5,50,98,60,1
93,74,77,41,71,3,1
40,49,31,53,89,13,0
57,46,9,83,54,32,0
71,33,2,69,75,21,1
86,43,58,88,88,47,0
88,32,75,51,44,2,0
50,87,48,65,61,22,0
60,84,58,83,55,67,0
65,33,30,72,80,20,0
64,53,68,52,49,42,0
61,63,61,53,63,25,0
98,59,51,63,57,40,0
66,48,40,73,88,37,0
88,60,30,83,57,10,0
52,89,21,65,46,28,0
72,89,3,60,43,59,1
73,48,12,67,65,66,0
80,78,44,87,44,64,1
74,92,41,75,99,60,0
40,51,48,79,94,18,0
60,53,19,41,55,45,0
87,59,76,81,74,48,0
94,87,53,48,65,21,0
45,60,35,62,57,56,0
67,93,0,54,68,13,0
56,48,14,52,62,43,0
44,77,76,62,92,15,0
70,74,16,56,53,11,0
44,84,23,87,54,54,1
77,84,57,99,88,50,1
42,47,71,41,72,38,0
92,92,22,59,64,32,1
62,76,45,59,60,32,0
76,86,71,98,56,28,1
92,74,7,85,62,68,1
76,62,58,42,96,69,0
49,46,58,94,82,30,0
49,99,12,51,56,30,0
58,33,38,79,97,45,0
56,49,27,41,53,51,0
60,76,60,75,68,9,0
53,44,15,53,59,40,0
48,99,1,55,69,2,0
85,76,16,58,58,58,1
40,38,29,73,92,51,0
90,45,12,83,78,33,1
84,98,12,85,95,48,1
52,90,42,45,52,27,0
43,39,20,52,57,12,0
40,79,54,75,62,68,0
88,32,39,61,85,66,0
79,99,14,57,72,60,1
71,80,72,51,78,59,0
73,48,51,91,79,23,1
67,71,73,98,57,62,0
70,64,52,93,48,60,0
47,75,51,69,72,22,0
78,55,29,92,71,29,1
65,98,32,90,93,59,0
97,93,56,79,56,17,1
73,66,51,46,58,55,0
93,78,8,71,66,52,1
93,50,53,87,45,6,0
42,93,0,58,74,68,0
98,34,43,45,95,51,0
89,99,74,59,76,3,1
51,33,79,66,73,33,0
40,68,8,92,59,68,1
93,64,31,82,64,32,1
83,30,14,76,43,68,1
44,53,11,87,49,37,0
69,86,77,46,49,25,0
69,99,56,98,63,0,0
98,70,7,44,60,3,1
96,83,71,50,50,38,0
56,75,26,54,66,53,0
87,89,61,42,55,32,0
86,89,11,97,65,32,1
62,86,64,44,69,19,0
54,60,41,62,88,15,0
76,53,61,92,55,20,0
60,65,10,76,46,44,1
53,59,42,48,55,61,0
41,53,16,54,74,30,0
50,59,31,42,97,41,0
90,36,39,68,55,11,0
78,64,22,45,79,64,1
77,84,55,56,51,2,0
99,43,5,65,74,8,1
73,39,49,60,88,50,0
77,45,36,47,60,15,0
89,83,63,60,89,2,1
73,99,53,96,82,23,1
57,73,71,50,75,12,0
69,74,48,77,87,1,1
54,85,10,47,56,20,0
66,86,48,81,71,18,1
90,50,20,63,80,46,0
73,97,65,74,45,21,0
91,79,62,94,63,32,1
96,62,27,53,66,31,1
77,36,16,94,59,63,1
72,99,5,53,64,38,1
63,44,18,49,41,41,0
54,61,55,51,48,8,0
99,49,27,77,67,24,1
69,44,65,83,92,1,0
94,77,37,94,77,18,1
81,50,36,85,42,19,0
90,71,67,73,59,69,0
56,55,48,80,45,16,0
44,43,42,49,78,67,0
68,86,35,97,72,2,1
43,66,57,56,94,50,0
49,87,12,56,40,25,0
95,50,51,42,76,55,0
56,98,57,70,45,63,0
49,32,31,90,84,7,0
56,66,59,40,73,36,0
99,78,57,51,86,26,0
59,48,55,78,54,44,0
63,41,27,43,84,3,0
44,90,0,81,65,36,1
73,70,41,52,96,32,0
45,62,47,73,53,30,0
92,79,39,81,97,54,1
41,97,62,60,93,11,0
52,62,75,61,46,10,0
82,53,71,96,85,31,0
82,90,79,43,97,56,0
87,90,3,57,70,37,1
50,57,37,44,63,59,0
90,87,26,58,98,18,1
86,72,8,41,70,55,1
96,70,15,51,68,13,1
62,68,55,56,81,32,0
94,78,75,49,71,9,1
55,46,30,73,56,63,0
70,99,13,45,53,63,0
50,99,24,47,79,61,0
93,94,33,90,75,67,1
55,34,66,50,97,42,0
47,31,23,96,87,58,0
43,51,72,51,63,51,0
79,86,25,48,84,18,1
43,95,19,41,93,20,1
95,45,63,47,66,21,0
64,80,9,97,64,8,1
42,68,66,50,98,8,0
71,69,23,99,71,26,1
42,67,4,92,91,16,1
66,89,66,75,57,43,0
68,88,57,49,85,44,0
71,39,26,60,57,7,0
89,93,79,59,76,17,1
97,92,14,87,65,32,1
90,78,34,47,48,0,0
58,93,75,75,99,5,0
60,61,52,68,74,40,0
44,36,43,81,47,54,0
57,50,25,51,59,4,0
67,49,46,53,93,58,0
81,55,33,87,81,17,1
61,97,49,93,61,48,0
60,44,11,89,58,64,0
45,43,3,60,69,53,0
40,56,47,61,92,60,0
44,69,54,60,67,7,0
80,87,0,83,74,2,1
51,57,65,89,82,24,0
65,55,29,69,50,68,0
85,92,2,78,70,54,1
73,95,20,59,88,39,1
88,54,48,63,87,49,0
53,32,61,62,78,32,0
65,73,37,46,75,17,0
84,71,14,48,69,56,1
66,35,51,40,62,15,0
48,68,78,65,58,37,0
65,81,45,77,51,40,0
96,52,24,77,54,6,1
86,79,20,93,70,52,1
96,72,4,83,82,62,1
61,48,69,61,76,31,0
86,98,46,83,76,37,1
95,80,67,49,54,21,0
69,40,17,94,68,15,0
82,41,20,97,89,51,1
87,37,22,45,82,28,0
56,53,63,56,65,15,0
65,70,66,90,83,16,1
75,65,39,89,41,63,1
40,84,9,77,59,12,1
47,38,51,63,54,55,0
88,76,71,90,91,4,1
74,44,74,49,43,11,0
91,77,60,95,61,40,1
54,71,63,47,89,2,0
86,89,4,60,77,32,1
95,99,52,95,62,49,1
61,41,54,45,98,55,0
53,31,36,60,65,8,0
65,36,55,96,90,49,0
67,32,58,78,50,28,0
62,32,68,63,67,38,0
53,56,72,72,95,44,0
63,69,58,98,41,16,0
41,62,1,57,98,55,0
84,30,64,95,47,45,0
65,37,59,67,68,66,0
53,61,50,96,50,68,0
98,77,29,91,76,13,1
95,33,10,71,57,66,0
90,99,75,51,94,22,1
46,48,38,87,89,60,0
42,61,76,81,53,22,0
86,38,71,66,93,26,0
62,41,62,49,49,53,0
85,40,63,85,74,9,1
82,75,60,96,48,15,1
86,45,53,91,74,40,0
99,30,72,81,50,54,0
84,92,57,71,83,60,0
57,50,55,81,51,48,0
97,59,33,65,42,51,0
77,42,30,64,92,1,0
74,63,51,50,78,49,0
90,33,75,62,53,42,0
54,57,0,73,95,7,0
64,88,54,96,67,58,0
94,56,21,91,50,64,1
76,98,39,79,78,11,1
67,54,0,62,64,3,0
49,32,64,68,60,40,0
78,97,62,70,49,6,0
96,54,53,46,82,68,0
56,49,41,79,54,68,0
78,63,20,72,58,29,1
61,55,78,60,87,5,0
65,34,21,41,61,18,0
83,90,37,57,60,65,0
64,38,79,86,99,9,0
56,79,7,72,91,15,1
52,35,61,76,83,36,0
59,89,46,73,71,31,0
64,73,16,59,89,46,0
43,40,16,74,62,42,0
49,95,12,90,52,35,1
42,76,16,89,44,25,1
80,32,37,93,43,9,0
84,59,77,57,67,30,0
57,50,44,85,53,28,0
86,57,5,63,47,4,0
75,91,34,47,48,0,0
86,62,13,69,96,2,1
61,64,71,83,90,66,0
73,81,60,92,74,34,1
86,63,14,49,76,14,1
47,70,53,62,60,66,0
79,80,26,91,97,29,1
88,76,12,88,57,42,1
83,87,30,50,72,59,0
58,86,34,41,47,39,0
81,52,59,97,90,64,0
80,77,5,65,88,28,1
76,51,68,75,56,18,0
45,46,57,72,82,2,0
91,98,48,86,70,35,1
65,40,22,52,73,42,0
73,44,33,79,45,14,0
98,64,25,64,61,40,1
95,62,46,43,53,35,0
98,45,4,81,42,32,1
84,63,19,58,51,4,1
45,95,5,57,75,13,1
76,69,69,76,51,67,1
96,57,58,69,84,46,0
72,76,63,58,41,53,0
92,68,17,97,41,3,1
61,99,3,62,54,8,0
60,49,16,98,62,52,0
45,30,13,93,68,59,0
45,92,77,55,56,45,0
94,96,12,40,71,53,1
87,33,6,51,46,36,0
43,87,43,63,69,22,0
69,54,14,73,67,26,0
50,76,18,92,53,69,1
69,67,62,96,83,65,0
70,44,34,47,69,60,0
63,92,34,57,56,50,0
94,50,18,96,71,49,1
48,86,19,87,85,18,1
94,82,34,44,45,0,0
42,75,31,65,90,39,0
90,43,47,69,63,31,0
70,46,43,93,45,21,0
79,68,23,52,66,65,1
76,38,60,58,57,39,0
75,35,16,68,63,37,0
63,52,70,42,76,47,0
70,88,49,65,95,54,0
45,75,64,79,63,54,0
41,67,31,98,77,50,0
59,43,35,97,73,59,0
67,91,12,97,79,7,1
50,64,69,51,86,67,0
43,48,57,41,54,8,0
54,59,13,50,50,1,0
45,54,36,83,61,69,0
93,69,78,67,93,58,0
88,43,67,57,63,18,0
69,55,39,52,40,27,0
95,51,58,76,57,13,0
77,77,79,61,83,23,1
90,80,15,51,51,43,1
96,32,61,41,96,55,0
41,71,3,76,82,50,1
54,48,44,46,67,31,0
50,57,27,65,79,49,0
47,74,65,65,99,40,0
65,92,30,63,46,65,0
90,48,2,51,62,24,0
84,76,7,55,60,60,1
83,43,23,62,73,65,0
44,67,14,79,50,41,1
45,82,42,99,61,64,0
65,90,30,48,81,35,0
93,65,72,71,74,8,1
43,69,44,54,91,35,0
58,59,65,76,68,37,0
59,38,7,52,81,32,0
72,93,70,44,67,41,0
59,62,56,50,98,60,0
88,81,79,49,57,45,0
51,43,29,91,53,60,0
86,82,73,52,57,17,0
40,88,17,80,67,69,1
65,70,68,92,63,14,0
53,97,38,85,47,47,0
77,97,59,89,81,12,1
76,37,42,54,93,42,0
50,31,44,81,84,59,0
75,70,22,95,92,56,1
52,84,68,46,47,16,0
82,45,5,79,43,49,1
42,91,55,67,66,31,0
72,77,3,71,75,21,1
45,59,22,74,44,54,0
89,41,5,54,72,56,0
95,64,31,87,88,12,1
49,40,17,75,73,46,0
44,93,14,60,69,61,0
62,79,39,45,47,53,0
49,50,72,40,78,28,0
83,98,73,43,86,21,1
41,77,5,50,65,64,0
52,49,62,83,96,28,0
79,96,66,65,76,47,0
41,73,10,76,73,4,1
59,62,42,62,46,34,0
40,90,16,68,79,45,0
76,38,3,60,67,34,0
48,97,62,87,78,44,0
56,64,67,84,78,12,1
48,94,40,84,67,9,0
50,37,4,88,53,65,0
54,74,31,66,92,69,0
63,76,69,78,89,24,1
77,69,34,79,77,43,1
94,83,21,52,43,59,1
74,75,64,62,81,46,0
69,76,21,98,57,39,1
70,44,10,55,83,6,0
88,48,76,69,87,45,0
44,55,2,43,64,22,0
99,81,8,79,46,45,1
83,51,59,55,77,12,0
89,50,75,70,67,20,0
53,80,13,92,44,0,1
92,67,17,81,42,18,1
95,49,72,64,83,59,0
50,58,22,83,70,32,0
48,80,73,51,86,3,0
73,33,46,65,81,2,0
51,84,68,76,97,51,0
74,57,46,87,59,27,0
74,33,29,72,58,69,0
40,51,24,67,87,69,0
79,74,27,48,99,54,1
61,96,24,51,50,56,0
99,95,73,44,79,15,1
68,63,77,93,42,23,0
47,84,57,91,62,68,0
50,30,40,93,46,40,0
80,67,24,67,62,46,1
76,35,77,95,46,68,0
53,54,47,74,85,30,0
99,46,9,44,73,29,0
69,90,74,73,81,17,0
74,41,10,85,58,43,1
60,35,20,73,97,26,0
76,56,44,52,48,25,0
44,37,6,78,87,59,0
58,94,63,81,90,17,1
98,86,63,84,57,55,1
53,69,1,87,80,30,1
65,43,75,97,87,58,0
43,64,41,53,84,1,0
64,77,53,50,81,38,0
84,85,74,81,64,60,1
81,78,15,77,91,62,1
64,42,17,43,53,17,0
57,90,58,92,83,16,1
79,78,15,72,64,38,1
47,75,5,46,58,53,0
78,91,56,95,78,34,1
79,37,46,80,94,10,1
53,72,47,47,54,60,0
71,49,41,76,55,43,0
90,68,75,90,66,67,1
77,78,59,49,79,24,1
72,93,76,82,49,47,1
62,91,3,96,43,31,1
54,83,1,54,90,3,1
72,38,58,77,58,37,0
64,66,26,54,67,62,0
56,78,26,44,60,46,0
72,70,78,68,98,0,1
86,46,71,58,86,2,0
94,50,6,93,53,61,1
41,80,62,90,72,63,0
53,88,45,49,87,16,0
92,68,62,51,49,61,0
79,84,11,93,58,34,1
79,70,12,43,69,12,1
90,68,42,70,61,34,0
78,42,16,57,42,42,0
90,93,62,55,76,1,1
45,40,35,79,80,55,0
45,48,7,75,57,50,0
42,40,68,64,50,53,0
46,75,79,62,87,15,0
90,74,35,51,41,17,0
47,30,27,73,51,6,0
81,69,46,75,93,44,0
91,48,75,76,45,35,0
54,90,29,42,82,40,0
86,41,22,48,98,41,0
68,90,15,92,79,6,1
72,62,13,57,83,14,1
91,74,73,82,68,59,1
69,98,70,74,98,39,0
78,37,51,96,69,36,0
66,54,36,94,41,65,0
75,75,28,73,48,54,1
68,59,66,80,86,55,0
77,76,14,53,41,43,1
96,78,46,43,68,56,0
72,76,45,68,72,5,1
76,47,51,80,49,31,0
66,95,18,84,73,17,1
94,97,76,89,83,67,1
72,62,20,54,94,6,1
43,65,63,67,47,7,0
61,48,36,81,76,63,0
41,57,26,55,93,6,0
49,69,54,51,99,40,0
44,44,28,91,72,39,0
98,70,19,44,86,2,1
49,68,24,73,45,16,0
72,31,69,81,83,65,0
93,92,62,40,79,51,0
77,58,35,78,84,21,1
52,95,1,71,58,3,0
70,80,21,65,71,5,1
86,39,15,56,66,37,0
75,43,17,87,40,25,1
84,80,68,98,82,10,1
63,68,53,66,91,16,0
91,57,29,63,72,30,0
95,32,44,74,79,34,0
54,99,18,85,71,15,1
68,56,33,81,44,17,0
47,31,12,93,56,61,0
44,67,42,78,47,26,0
68,32,61,65,96,34,0
86,45,21,88,81,44,1
43,69,51,77,73,34,0
51,31,51,62,48,27,0
84,70,35,61,95,8,1
41,41,72,43,62,14,0
66,64,18,88,74,20,1
70,94,37,98,89,51,0
90,84,69,48,46,34,0
90,74,78,43,54,50,0
75,91,56,46,92,54,0
75,78,19,62,93,43,1
65,54,8,41,59,64,0
82,52,31,88,89,24,1
66,53,3,63,64,46,0
44,67,49,79,42,55,0
59,57,4,94,99,37,0
50,50,19,70,94,10,0
49,83,74,86,85,66,0
79,47,36,70,63,14,0
77,65,21,86,73,0,1
45,74,57,79,85,6,1
47,82,67,87,61,0,0
62,59,43,90,50,48,0
86,89,33,82,87,28,1
65,61,76,73,47,25,0
85,96,41,94,78,44,1
82,96,8,63,82,11,1
51,57,6,88,74,31,0
65,73,67,99,88,19,1
52,70,18,65,85,50,0
79,92,30,55,77,35,0
57,52,34,96,47,66,0
64,77,56,86,93,0,1
72,61,60,52,76,26,0
86,86,30,54,66,39,0
79,62,52,66,67,13,0
99,53,31,43,79,68,0
82,68,65,55,73,5,1
51,63,58,69,71,32,0
83,85,9,83,54,54,1
75,57,1,69,83,18,1
87,66,65,75,56,28,0
43,36,59,42,72,60,0
44,97,16,61,86,69,0
95,66,15,88,85,23,1
76,85,15,61,91,22,1
47,94,45,89,93,9,1
81,94,38,96,55,53,1
88,76,30,89,68,40,1
67,49,0,94,48,48,0
70,48,10,99,72,16,1
97,58,3,88,99,55,1
48,89,70,51,88,44,0
93,47,25,94,68,29,1
90,64,49,60,52,43,0
68,72,11,95,60,54,1
53,40,74,43,97,18,0
79,78,64,70,60,28,0
80,67,46,83,44,1,1
61,93,52,70,49,35,0
50,98,70,97,45,18,0
62,37,1,62,95,6,0
40,63,23,93,90,25,1
85,77,3,92,96,37,1
76,85,18,59,52,2,1
60,94,25,54,40,65,0
65,60,74,62,59,42,0
85,33,39,67,96,61,0
75,79,49,55,86,23,1
93,98,42,76,85,38,1
62,59,74,60,47,67,0
96,88,66,54,49,43,0
40,96,11,56,48,4,0
93,74,66,89,88,54,1
94,33,26,76,80,29,1
90,55,53,52,42,28,0
79,56,65,58,50,25,0
54,75,48,69,51,25,0
60,93,15,84,49,36,1
86,80,1,57,64,52,1
48,79,59,53,88,29,0
92,35,53,75,88,2,0
48,88,29,75,64,42,0
49,44,37,59,50,6,0
91,59,27,91,93,48,1
96,71,24,58,75,40,1
92,66,9,84,78,53,1
65,71,59,83,92,68,0
80,64,41,46,65,26,0
74,35,39,96,53,7,0
91,97,76,83,78,31,1
64,47,41,92,95,63,0
65,58,46,43,79,9,0
50,88,36,98,40,12,0
77,76,79,73,95,62,0
41,46,21,41,93,34,0
46,51,56,44,43,60,0
57,97,26,94,69,53,1
66,98,40,49,51,7,0
73,66,79,71,95,28,0
66,78,33,81,74,40,0
56,42,31,80,52,29,0
82,63,65,52,91,20,1
98,82,11,78,70,10,1
83,80,39,44,77,1,1
98,32,72,97,82,49,0
90,71,75,49,62,40,0
93,61,72,49,43,65,0
63,80,9,77,91,2,1
64,75,47,66,55,50,0
46,50,19,99,46,67,0
91,73,38,90,61,24,1
45,40,59,60,68,29,0
92,97,65,47,50,10,0
63,30,64,40,95,16,0
72,92,50,67,72,25,0
88,53,35,88,97,22,1
68,42,23,78,68,55,0
82,40,26,53,98,51,0
61,80,1,60,78,47,0
65,46,30,69,51,19,0
67,53,56,60,46,1,0
89,48,77,88,98,30,0
60,66,65,48,94,26,0
88,37,28,56,78,1,1
46,57,14,44,81,3,0
56,34,11,97,87,12,1
59,46,27,96,65,34,0
80,65,23,70,79,65,1
88,48,20,91,48,5,1
59,93,9,79,80,30,1
93,40,77,77,73,9,1
61,83,17,82,84,20,1
67,74,13,58,52,22,0
79,76,33,75,94,2,1
88,41,57,89,94,31,0
46,50,75,72,75,19,0
40,40,21,52,64,28,0
71,34,69,53,63,51,0
52,85,35,95,83,45,0
69,49,44,72,56,33,0
62,70,35,68,41,60,0
90,75,21,82,52,69,1
98,41,77,88,70,10,0
95,99,79,75,68,62,0
58,46,60,97,89,20,0
71,48,55,83,67,2,0
69,55,32,49,99,9,0
68,77,44,70,66,26,0
88,81,35,45,54,11,0
84,99,19,96,70,6,1
68,84,17,40,79,16,1
69,62,37,46,54,64,0
55,91,66,97,72,63,0
79,52,22,66,59,25,0
58,44,15,60,81,14,0
57,56,58,67,51,32,0
40,93,68,55,76,61,0
53,80,67,95,48,46,0
90,82,20,85,62,34,1
86,80,77,62,47,64,0
89,76,77,91,71,24,1
41,33,69,59,87,56,0
93,36,11,77,53,31,1
67,64,15,93,66,62,1
88,77,13,64,64,11,1
89,74,60,67,52,62,0
69,48,70,44,94,0,0
77,92,45,95,60,50,1
90,67,31,60,84,69,0
43,96,14,57,70,7,0
40,88,43,86,76,67,0
47,98,16,45,87,4,1
68,42,40,96,97,38,0
94,76,53,68,82,22,1
78,90,43,58,93,67,0
42,60,4,72,44,51,0
71,51,26,40,52,3,0
49,72,77,84,67,46,0
49,96,78,42,82,20,0
58,83,42,81,64,55,0
85,39,30,60,90,65,0
73,71,16,74,74,58,1
99,93,53,80,86,6,1
72,50,61,79,78,48,0
62,95,31,42,46,15,0
94,70,39,64,77,16,1
67,53,12,84,71,33,0
71,64,34,77,42,32,1
89,85,4,84,84,25,1
46,59,72,94,78,65,0
68,86,28,59,76,62,0
47,76,69,91,94,40,0
40,64,24,83,89,57,1
96,48,21,84,61,9,1
94,37,65,73,47,14,0
42,55,44,60,56,41,0
63,59,68,95,91,56,0
62,36,71,94,66,16,0
98,96,0,87,72,59,1
47,94,43,62,85,8,0
93,65,74,45,56,35,0
96,54,38,90,81,35,0
86,66,53,92,51,47,1
76,30,74,52,87,50,0
42,44,28,88,85,69,0
90,66,53,62,66,67,0
72,42,15,48,87,21,1
67,37,19,56,47,5,0
86,34,45,41,62,25,0
47,89,66,58,99,2,0
73,30,64,58,81,51,0
74,65,57,95,88,59,1
71,64,52,46,98,62,0
63,95,0,93,68,64,1
53,92,65,81,89,51,0
71,52,28,81,59,13,1
95,38,69,98,55,67,0
85,63,7,59,56,27,1
82,75,28,48,55,9,1
55,33,50,56,58,56,0
43,59,32,66,95,65,0
91,32,2,86,95,49,1
76,43,59,41,47,13,0
93,89,34,75,77,15,1
60,74,68,58,77,53,0
53,63,75,56,92,42,0
70,74,19,44,68,41,0
94,90,72,78,80,21,1
87,45,38,57,75,67,0
57,95,3,92,65,18,1
46,69,18,93,70,65,1
49,46,44,98,83,38,0
46,63,42,46,99,18,0
72,45,12,56,51,15,0
62,89,12,78,94,53,1
60,95,59,75,56,24,0
58,95,56,79,54,17,0
87,42,51,84,48,22,0
58,85,52,43,78,10,0
75,60,42,77,81,38,0
68,63,71,64,87,67,0
99,68,71,44,51,24,0
57,96,41,69,71,62,0
41,37,25,51,64,29,0
40,84,22,43,78,44,0
86,56,42,63,57,60,0
44,82,76,68,54,50,0
59,68,27,48,71,8,1
50,94,8,43,45,1,0
81,46,19,90,97,4,1
41,59,55,63,83,61,0
42,82,38,53,82,68,0
62,42,50,44,91,51,0
94,50,11,57,74,4,1
51,48,78,81,73,58,0
59,82,54,96,77,67,0
44,48,77,58,95,8,0
76,86,10,51,93,21,1
77,54,25,57,96,26,0
69,60,41,56,44,9,0
48,84,26,69,57,60,0
73,52,10,63,55,50,0
92,61,37,50,47,9,0
83,91,42,74,64,5,0
74,39,18,62,71,61,0
91,83,63,56,65,4,0
97,81,5,40,91,69,1
61,49,45,54,61,62,0
83,61,41,71,70,55,0
63,43,64,99,82,58,0
56,79,71,48,49,62,0
49,57,58,54,95,58,0
69,82,51,67,96,50,0
95,53,46,63,51,49,0
98,51,6,99,92,3,1
85,59,10,74,67,47,0
62,92,60,61,45,31,0
71,33,67,66,98,50,0
56,88,24,58,59,51,0
89,37,11,84,44,33,1
90,41,25,51,62,35,0
56,60,11,59,48,69,0
53,63,42,40,97,42,0
48,78,50,60,98,15,0
79,86,36,88,68,58,1
41,55,45,84,55,52,0
84,47,52,40,93,18,0
64,67,79,49,85,40,0
78,79,12,86,61,46,1
48,37,53,98,47,53,0
93,70,56,98,98,54,1
61,35,3,71,59,18,0
82,98,74,78,90,61,1
85,73,48,99,53,58,1
43,93,6,61,78,64,0
65,58,10,57,76,67,0
97,57,53,87,89,27,0
68,40,44,85,73,17,0
84,94,22,71,50,25,1
73,48,27,66,93,18,1
62,38,56,67,79,54,0
76,56,25,57,72,56,0
50,63,24,98,70,5,1
45,73,53,78,98,0,1
57,97,28,88,93,7,1
60,44,35,68,83,50,0
81,80,13,57,73,24,1
75,42,77,83,89,46,0
80,78,34,47,46,54,0
77,99,29,93,97,63,1
73,85,16,70,88,9,1
56,80,66,73,93,55,0
76,66,79,46,62,11,0
64,46,29,75,85,32,0
77,87,44,57,95,16,1
97,58,78,99,46,60,0
51,62,50,77,93,9,1
62,89,46,98,64,30,0
92,84,52,48,42,59,0
81,39,63,98,98,69,0
61,76,37,48,77,16,0
60,52,63,85,59,49,0
66,50,6,47,73,36,0
96,42,21,90,88,61,1
70,62,40,74,83,28,0
45,53,73,57,83,31,0
66,40,9,44,69,10,0
79,46,56,53,56,5,0
73,97,6,67,98,34,1
51,76,49,69,49,32,0
84,54,51,43,74,17,0
96,50,32,78,59,36,0
92,41,0,59,57,12,0
46,66,52,64,84,63,0
49,71,59,67,83,0,0
84,46,33,51,66,62,0
56,77,3,41,98,33,0
65,57,16,82,98,9,1
60,70,3,53,88,6,1
67,76,42,61,75,55,0
97,47,3,70,62,36,0
85,42,0,62,71,28,0
41,42,70,87,49,11,0
99,60,49,59,50,16,0
93,31,72,77,77,47,0
82,45,60,94,45,25,0
40,38,34,43,98,11,0
90,67,7,54,80,20,1
92,83,23,63,86,41,1
75,85,35,64,73,60,0
90,74,49,40,75,57,0
65,63,42,46,76,53,0
68,38,26,96,56,33,0
60,37,31,70,79,6,0
50,36,77,51,79,34,0
79,65,17,81,93,14,1
50,47,27,44,51,64,0
75,32,28,83,60,24,1
88,57,15,89,79,58,1
98,99,46,81,58,5,1
78,73,58,77,42,51,1
79,50,30,99,57,20,0
74,57,3,51,92,31,0
93,83,36,78,90,52,1
73,83,16,57,58,58,1
94,94,38,41,86,68,0
86,50,47,49,45,61,0
63,42,45,54,55,3,0
93,86,47,69,47,17,0
61,78,38,83,87,55,0
44,83,3,97,57,23,1
95,39,29,56,91,65,0
72,82,29,43,87,12,1
97,73,21,46,82,61,1
75,76,74,80,78,53,1
86,82,65,70,88,14,1
59,75,11,90,88,68,1
58,42,35,99,51,2,0
74,66,17,98,84,36,1
91,53,52,94,49,36,0
82,31,70,78,46,2,0
56,43,0,94,85,62,0
98,39,57,73,94,34,0
84,64,5,45,40,51,1
82,54,69,89,88,27,0
73,32,43,77,75,17,1
48,46,71,84,60,35,0
65,41,23,97,76,32,0
41,83,18,90,91,63,1
92,53,17,73,63,25,0
48,58,29,83,94,47,0
48,72,41,54,64,39,0
79,54,32,53,46,16,0
56,89,73,45,81,39,0
40,94,11,89,56,6,1
64,57,26,76,68,56,0
82,45,38,89,69,7,0
79,76,8,71,46,55,1
81,87,20,42,72,30,1
64,56,75,42,46,58,0
78,82,28,61,97,57,1
74,71,32,61,63,11,0
42,88,61,49,50,47,0
89,76,14,90,48,30,1
76,63,1,42,51,62,1
83,66,51,51,74,38,0
83,35,43,68,43,19,0
90,36,53,87,75,47,0
69,54,17,56,67,53,0
77,62,2,46,96,28,1
73,84,6,52,52,47,1
51,87,42,95,62,55,0
58,36,37,41,58,16,0
76,86,36,43,81,8,1
83,41,57,49,76,33,0
98,45,32,78,78,44,0
98,72,58,63,63,8,0
88,36,10,56,55,6,0
56,80,67,91,72,15,1
49,61,67,45,51,18,0
96,37,21,58,73,5,1
94,74,65,44,46,10,0
88,88,43,71,50,60,0
86,33,5,49,70,41,0
51,96,41,48,68,12,0
55,58,24,66,52,11,0
63,58,56,52,70,19,0
58,57,54,58,41,49,0
47,73,15,60,78,35,0
70,33,13,63,54,68,0
60,38,38,77,96,36,0
56,34,27,43,50,11,0
62,85,50,63,73,39,0
76,79,48,98,78,53,1
93,44,8,74,43,1,0
55,61,57,42,50,49,0
45,57,44,43,68,40,0
47,51,21,96,41,44,0
64,46,31,76,55,8,0
57,88,68,79,78,61,0
64,86,68,87,52,46,0
51,55,41,93,76,4,0
54,54,52,74,56,0,0
98,39,58,70,60,43,0
65,74,73,95,83,21,1
80,40,38,83,99,37,0
84,82,14,64,58,18,1
65,97,70,79,46,30,0
86,57,28,52,77,66,0
71,94,2,43,47,41,1
49,78,9,85,52,25,1
55,76,28,53,76,12,1
46,81,78,52,41,57,0
56,83,34,66,80,17,0
62,89,5,45,50,66,0
65,86,11,56,63,2,0
60,76,37,75,45,54,0
61,60,76,79,65,57,0
97,75,18,88,46,62,1
46,55,66,74,96,51,0
53,34,7,56,78,23,0
54,81,7,80,58,8,1
92,83,46,41,45,36,0
46,62,3,96,82,52,1
48,79,50,52,68,23,0
90,67,66,91,82,20,1
87,56,44,41,78,39,0
47,44,7,91,41,61,0
89,90,15,67,58,69,1
98,50,76,82,43,68,0
62,75,66,98,97,13,1
68,98,8,65,45,41,0
57,35,59,61,88,49,0
70,67,77,86,96,60,0
69,91,76,82,76,3,1
91,91,70,94,67,16,1
78,75,14,42,69,56,1
74,42,70,74,46,47,0
57,32,40,99,48,43,0
98,35,21,97,64,44,1
81,37,23,51,72,32,0
78,73,43,63,40,30,0
56,62,0,44,90,46,0
53,79,9,59,45,5,0
70,40,79,78,57,33,0
63,57,71,78,49,52,0
74,99,55,52,67,13,0
83,70,49,80,50,15,1
99,45,11,96,72,42,1
84,97,59,92,40,11,1
73,77,25,84,52,69,1
42,85,77,51,76,18,0
76,93,40,52,59,40,0
82,88,35,95,40,52,1
79,91,22,49,91,28,1
65,40,42,72,42,69,0
94,47,5,96,57,58,1
62,48,68,79,80,63,0
83,84,42,93,53,23,1
78,55,24,55,70,15,0
54,35,17,84,66,51,0
95,33,61,74,56,5,0
88,58,12,42,94,36,0
43,88,42,95,85,3,1
68,46,77,44,68,37,0
61,72,27,65,75,40,0
64,95,17,50,76,13,1
52,63,58,46,65,50,0
57,37,59,92,92,64,0
72,42,62,95,56,51,0
55,37,56,49,61,29,0
84,94,50,81,64,56,1
81,72,55,91,41,29,1
83,68,26,73,94,41,1
41,88,31,42,61,10,0
94,73,8,47,44,26,1
74,38,67,70,43,23,0
81,66,45,50,75,38,0
73,65,66,84,45,17,1
69,57,25,46,91,44,0
98,71,7,84,60,11,1
94,72,5,41,52,48,1
52,71,79,45,93,30,0
52,95,23,80,76,21,1
57,84,47,71,94,43,0
71,77,44,59,64,63,0
71,51,12,96,65,24,1
74,56,68,73,94,50,0
98,96,24,89,78,6,1
78,42,19,55,59,5,0
85,74,65,64,72,23,1
91,39,73,51,53,18,0
68,38,44,46,95,8,0
88,83,46,78,75,35,1
68,56,62,56,56,39,0
92,63,75,84,60,23,1
83,30,76,50,85,47,0
96,61,54,45,55,62,0
55,96,74,62,85,68,0
95,49,18,66,55,52,0
83,64,34,85,95,53,1
86,46,52,45,59,41,0
96,47,25,77,68,44,1
49,74,13,41,67,13,0
69,82,44,61,47,28,0
64,97,43,59,63,5,0
78,94,64,64,42,6,0
59,30,50,54,64,36,0
44,87,42,99,58,52,0
40,55,22,88,72,17,1
69,49,55,68,41,37,0
88,39,18,47,54,58,0
42,88,75,76,61,0,0
84,70,54,88,99,67,1
53,34,59,91,49,43,0
95,94,58,72,57,46,0
69,46,32,61,61,34,0
89,51,18,89,85,59,1
43,70,27,86,88,51,1
57,97,51,44,66,7,0
76,98,48,78,52,40,1
64,40,36,57,72,2,0
87,85,25,77,44,68,1
40,80,39,93,65,13,0
92,50,79,92,52,25,0
